{
  "(50, 50, 0.01)": {
    "Average_Upper_Bound": 1009.9183673469388,
    "Average_Length": 19.46938775510204,
    "Average_Raw_Distance": 5.204081632653061,
    "Average_Normalized_Distance": 0.028318090059267075,
    "beta_settings": [
      0.9967426710097721,
      0.055374592833876225,
      0.003257328990228013
    ]
  },
  "(50, 50, 0.1)": {
    "Average_Upper_Bound": 753.7551020408164,
    "Average_Length": 20.3265306122449,
    "Average_Raw_Distance": 11.612244897959183,
    "Average_Normalized_Distance": 0.056293566465012615,
    "beta_settings": [
      0.9967426710097721,
      0.055374592833876225,
      0.003257328990228013
    ]
  },
  "(50, 50, 1)": {
    "Average_Upper_Bound": 839.8723404255319,
    "Average_Length": 20,
    "Average_Raw_Distance": 23.127659574468087,
    "Average_Normalized_Distance": 0.11407316079249416,
    "beta_settings": [
      0.9967426710097721,
      0.055374592833876225,
      0.003257328990228013
    ]
  },
  "(50, 250, 0.01)": {
    "Average_Upper_Bound": 917.0204081632653,
    "Average_Length": 101.93877551020408,
    "Average_Raw_Distance": 382.8775510204082,
    "Average_Normalized_Distance": 0.07302349043550298,
    "beta_settings": [
      0.9967426710097721,
      0.055374592833876225,
      0.003257328990228013
    ]
  },
  "(50, 250, 0.1)": {
    "Average_Upper_Bound": 784.3,
    "Average_Length": 100.34,
    "Average_Raw_Distance": 482.92,
    "Average_Normalized_Distance": 0.09559890921035567,
    "beta_settings": [
      0.9967426710097721,
      0.055374592833876225,
      0.003257328990228013
    ]
  },
  "(50, 250, 1)": {
    "Average_Upper_Bound": 783.6326530612245,
    "Average_Length": 93.81632653061224,
    "Average_Raw_Distance": 582.6122448979592,
    "Average_Normalized_Distance": 0.1293158832495292,
    "beta_settings": [
      0.9967426710097721,
      0.055374592833876225,
      0.003257328990228013
    ]
  },
  "(50, 1000, 0.01)": {
    "Average_Upper_Bound": 998.38,
    "Average_Length": 403.74,
    "Average_Raw_Distance": 7234.82,
    "Average_Normalized_Distance": 0.4409068661562882,
    "beta_settings": [
      0.9967426710097721,
      0.055374592833876225,
      0.003257328990228013
    ]
  },
  "(50, 1000, 0.1)": {
    "Average_Upper_Bound": 862.0833333333334,
    "Average_Length": 397.2916666666667,
    "Average_Raw_Distance": 10541.0625,
    "Average_Normalized_Distance": 0.26544799297557736,
    "beta_settings": [
      0.9967426710097721,
      0.055374592833876225,
      0.003257328990228013
    ]
  },
  "(50, 1000, 1)": {
    "Average_Upper_Bound": 887.5102040816327,
    "Average_Length": 399.51020408163265,
    "Average_Raw_Distance": 10347.591836734693,
    "Average_Normalized_Distance": 0.21937965863012676,
    "beta_settings": [
      0.9967426710097721,
      0.055374592833876225,
      0.003257328990228013
    ]
  },
  "(250, 50, 0.01)": {
    "Average_Upper_Bound": 5155.16049382716,
    "Average_Length": 15.065843621399177,
    "Average_Raw_Distance": 7.6460905349794235,
    "Average_Normalized_Distance": 0.06487593678137381,
    "beta_settings": [
      0.9998599635905338,
      0.01176305839518275,
      0.0001400364094664613
    ]
  },
  "(250, 50, 0.1)": {
    "Average_Upper_Bound": 5942.652719665272,
    "Average_Length": 14.263598326359833,
    "Average_Raw_Distance": 11.07531380753138,
    "Average_Normalized_Distance": 0.09740668640774579,
    "beta_settings": [
      0.9998599635905338,
      0.01176305839518275,
      0.0001400364094664613
    ]
  },
  "(250, 50, 1)": {
    "Average_Upper_Bound": 5002.611814345992,
    "Average_Length": 13.548523206751055,
    "Average_Raw_Distance": 14.426160337552743,
    "Average_Normalized_Distance": 0.13569298940815402,
    "beta_settings": [
      0.9998599635905338,
      0.01176305839518275,
      0.0001400364094664613
    ]
  },
  "(250, 250, 0.01)": {
    "Average_Upper_Bound": 4734.475,
    "Average_Length": 73.7375,
    "Average_Raw_Distance": 275.55833333333334,
    "Average_Normalized_Distance": 0.09118160747542117,
    "beta_settings": [
      0.9998599635905338,
      0.01176305839518275,
      0.0001400364094664613
    ]
  },
  "(250, 250, 0.1)": {
    "Average_Upper_Bound": 4877.5327868852455,
    "Average_Length": 79.83196721311475,
    "Average_Raw_Distance": 275.3114754098361,
    "Average_Normalized_Distance": 0.08048149205316817,
    "beta_settings": [
      0.9998599635905338,
      0.01176305839518275,
      0.0001400364094664613
    ]
  },
  "(250, 250, 1)": {
    "Average_Upper_Bound": 5937.473684210527,
    "Average_Length": 72.84615384615384,
    "Average_Raw_Distance": 381.61538461538464,
    "Average_Normalized_Distance": 0.13633419038602806,
    "beta_settings": [
      0.9998599635905338,
      0.01176305839518275,
      0.0001400364094664613
    ]
  },
  "(250, 1000, 0.01)": {
    "Average_Upper_Bound": 4617.4089068825915,
    "Average_Length": 271.668016194332,
    "Average_Raw_Distance": 2739,
    "Average_Normalized_Distance": 0.06980609680352624,
    "beta_settings": [
      0.9998599635905338,
      0.01176305839518275,
      0.0001400364094664613
    ]
  },
  "(250, 1000, 0.1)": {
    "Average_Upper_Bound": 4715.369918699187,
    "Average_Length": 278.8048780487805,
    "Average_Raw_Distance": 2442.8658536585367,
    "Average_Normalized_Distance": 0.05468562598208867,
    "beta_settings": [
      0.9998599635905338,
      0.01176305839518275,
      0.0001400364094664613
    ]
  },
  "(250, 1000, 1)": {
    "Average_Upper_Bound": 5517.264,
    "Average_Length": 276.124,
    "Average_Raw_Distance": 5589.856,
    "Average_Normalized_Distance": 0.13759776214776503,
    "beta_settings": [
      0.9998599635905338,
      0.01176305839518275,
      0.0001400364094664613
    ]
  },
  "(1000, 50, 0.01)": {
    "Average_Upper_Bound": 18816.907553551297,
    "Average_Length": 9.614430665163473,
    "Average_Raw_Distance": 6.570462232243518,
    "Average_Normalized_Distance": 0.12697534593909338,
    "beta_settings": [
      0.9999910627306932,
      0.0029850479484498306,
      0.00000893726930673602
    ]
  },
  "(1000, 50, 0.1)": {
    "Average_Upper_Bound": 16029.809417040358,
    "Average_Length": 9.294843049327355,
    "Average_Raw_Distance": 3.6457399103139014,
    "Average_Normalized_Distance": 0.07066774160261415,
    "beta_settings": [
      0.9999910627306932,
      0.0029850479484498306,
      0.00000893726930673602
    ]
  },
  "(1000, 50, 1)": {
    "Average_Upper_Bound": 18286.700336700338,
    "Average_Length": 8.478114478114477,
    "Average_Raw_Distance": 5.815937149270483,
    "Average_Normalized_Distance": 0.1346501496796931,
    "beta_settings": [
      0.9999910627306932,
      0.0029850479484498306,
      0.00000893726930673602
    ]
  },
  "(1000, 250, 0.01)": {
    "Average_Upper_Bound": 15118.003083247688,
    "Average_Length": 40.01644398766701,
    "Average_Raw_Distance": 66.93422404933196,
    "Average_Normalized_Distance": 0.06720583579924881,
    "beta_settings": [
      0.9999910627306932,
      0.0029850479484498306,
      0.00000893726930673602
    ]
  },
  "(1000, 250, 0.1)": {
    "Average_Upper_Bound": 14046.611518324607,
    "Average_Length": 40.287958115183244,
    "Average_Raw_Distance": 68.24502617801048,
    "Average_Normalized_Distance": 0.06839746176914187,
    "beta_settings": [
      0.9999910627306932,
      0.0029850479484498306,
      0.00000893726930673602
    ]
  },
  "(1000, 250, 1)": {
    "Average_Upper_Bound": 13813.820247933885,
    "Average_Length": 40.360537190082646,
    "Average_Raw_Distance": 144.33264462809916,
    "Average_Normalized_Distance": 0.14323611064215547,
    "beta_settings": [
      0.9999910627306932,
      0.0029850479484498306,
      0.00000893726930673602
    ]
  },
  "(1000, 1000, 0.01)": {
    "Average_Upper_Bound": 13161.788283658787,
    "Average_Length": 141.86536485097636,
    "Average_Raw_Distance": 992.7338129496403,
    "Average_Normalized_Distance": 0.07662757116901658,